{"cameraMode":{"drawMode":0,"name":"Shaded","section":"Shading Mode"},"sceneLighting":true,"audioPlay":false,"sceneViewState":{"showFog":true,"showMaterialUpdate":false,"showSkybox":true,"showFlares":true,"showImageEffects":true,"showParticleSystems":true},"in2DMode":false,"pivot":{"x":1.314453125,"y":-1.018798828125,"z":-61.603515625},"rotation":{"x":0.09027226269245148,"y":0.06717236340045929,"z":-0.006102471146732569,"w":0.9936304688453674},"size":16.760108947753908,"orthographic":true}