{"cameraMode":{"drawMode":0,"name":"Shaded","section":"Shading Mode"},"sceneLighting":false,"audioPlay":false,"sceneViewState":{"showFog":true,"showMaterialUpdate":false,"showSkybox":true,"showFlares":true,"showImageEffects":true,"showParticleSystems":true},"in2DMode":false,"pivot":{"x":-7.080678939819336,"y":-8.158463478088379,"z":-2.443068027496338},"rotation":{"x":0.20150458812713624,"y":0.49112990498542788,"z":-0.11823046952486038,"w":0.8391715288162231},"size":4.861215591430664,"orthographic":true}