{"cameraMode":{"drawMode":0,"name":"Shaded","section":"Shading Mode"},"sceneLighting":true,"audioPlay":false,"sceneViewState":{"showFog":true,"showMaterialUpdate":false,"showSkybox":true,"showFlares":true,"showImageEffects":true,"showParticleSystems":true},"in2DMode":false,"pivot":{"x":17.41480827331543,"y":2.126736640930176,"z":-29.236278533935548},"rotation":{"x":0.29944854974746706,"y":0.4620242714881897,"z":-0.1695699691772461,"w":0.8173804879188538},"size":119.38007354736328,"orthographic":true}