{"cameraMode":{"drawMode":0,"name":"Shaded","section":"Shading Mode"},"sceneLighting":false,"audioPlay":false,"sceneViewState":{"showFog":true,"showMaterialUpdate":false,"showSkybox":true,"showFlares":true,"showImageEffects":true,"showParticleSystems":true},"in2DMode":false,"pivot":{"x":-10.590328216552735,"y":-2.0878090858459474,"z":6.252592086791992},"rotation":{"x":-0.02206919528543949,"y":0.9771437644958496,"z":-0.17052783071994782,"w":-0.12499362230300904},"size":10.125178337097168,"orthographic":true}