{"cameraMode":{"drawMode":0,"name":"Shaded","section":"Shading Mode"},"sceneLighting":false,"audioPlay":false,"sceneViewState":{"showFog":true,"showMaterialUpdate":false,"showSkybox":true,"showFlares":true,"showImageEffects":true,"showParticleSystems":true},"in2DMode":false,"pivot":{"x":-0.7631440162658691,"y":2.1215100288391115,"z":0.0},"rotation":{"x":0.03504817932844162,"y":-0.19460614025592805,"z":-0.006709347944706678,"w":-0.9802321791648865},"size":20.46485137939453,"orthographic":true}