{"cameraMode":{"drawMode":0,"name":"Shaded","section":"Shading Mode"},"sceneLighting":false,"audioPlay":false,"sceneViewState":{"showFog":true,"showMaterialUpdate":false,"showSkybox":true,"showFlares":true,"showImageEffects":true,"showParticleSystems":true},"in2DMode":false,"pivot":{"x":-15.449999809265137,"y":-7.020000457763672,"z":-0.1099996566772461},"rotation":{"x":-0.11456608772277832,"y":-0.12723524868488313,"z":0.015050450339913369,"w":-0.9851189851760864},"size":52.20366668701172,"orthographic":true}