{"cameraMode":{"drawMode":0,"name":"Shaded","section":"Shading Mode"},"sceneLighting":false,"audioPlay":false,"sceneViewState":{"showFog":true,"showMaterialUpdate":false,"showSkybox":true,"showFlares":true,"showImageEffects":true,"showParticleSystems":true},"in2DMode":false,"pivot":{"x":-1.8734785318374634,"y":-10.03247356414795,"z":-1.9134644269943238},"rotation":{"x":-0.011331971734762192,"y":0.9884149432182312,"z":-0.11767853051424027,"w":-0.09518041461706162},"size":15.395755767822266,"orthographic":false}