{"cameraMode":{"drawMode":0,"name":"Shaded","section":"Shading Mode"},"sceneLighting":false,"audioPlay":false,"sceneViewState":{"showFog":true,"showMaterialUpdate":false,"showSkybox":true,"showFlares":true,"showImageEffects":true,"showParticleSystems":true},"in2DMode":false,"pivot":{"x":-36.56581115722656,"y":-6.249302864074707,"z":-30.507904052734376},"rotation":{"x":-0.12456820905208588,"y":0.34975433349609377,"z":-0.04690077155828476,"w":-0.9273375868797302},"size":10.693222999572754,"orthographic":false}