{"cameraMode":{"drawMode":0,"name":"Shaded","section":"Shading Mode"},"sceneLighting":false,"audioPlay":false,"sceneViewState":{"showFog":true,"showMaterialUpdate":false,"showSkybox":true,"showFlares":true,"showImageEffects":true,"showParticleSystems":true},"in2DMode":false,"pivot":{"x":3.450000286102295,"y":-7.400000095367432,"z":-27.950000762939454},"rotation":{"x":0.10852228850126267,"y":0.8748196363449097,"z":-0.23124775290489198,"w":0.4116286039352417},"size":4.678558349609375,"orthographic":true}